Time;Wind Peak;Wind Speed;Wind Direction;Maximum Outdoor Temperature;Current Outdoor Temperature;Min Outdoor Temperature;Minimum Ambient Temperature;Current Ambient Temperature;Maximum Ambient Temperature;Global Radiation;Direct Radiation;Diffus Radiation;Current Hourly Electricity;Prod. Photovoltaique (kWh);Rayonnement (W/m2);hours;day;month;year;dayofweek;weekofyear
2019-04-16 08:04:00+00:00;0;2.107;294.22;18.73;10.866;2.875;20.114;22.039;26.01;133.024;0.855;132.172;354.956;0.082;14.696;8;16;4;2019;1;16
2019-04-16 14:04:00+00:00;0;3.618;298.66;18.73;13.438;2.875;20.338;22.585;26.01;254.205;0.163;254.035;349.553;6.418;341.661;14;16;4;2019;1;16
2019-04-16 20:04:00+00:00;0;1.02;231.571;18.73;13.351;2.875;20.363;22.171;26.01;33.627;1.017;32.615;213.19;2.168;126.771;20;16;4;2019;1;16
2019-04-17 02:04:00+00:00;0;0.994;166.456;14.31;9.683;9.509;19.632;21.712;26.01;6.377;0;6.377;150.8;0;6.409;2;17;4;2019;2;16
2019-04-17 08:04:00+00:00;0;1.108;151.947;14.21;9.365;9.66;20.185;21.709;26.01;105.253;54.916;49.109;277.792;0;20.119;8;17;4;2019;2;16
2019-04-24 14:04:00+00:00;3.289;2.156;151.063;22.05;13.285;14.76;21.989;23.7;26.01;86.865;0.066;88.119;491.758;1.5;108.82;14;24;4;2019;2;17
2019-04-29 08:04:00+00:00;0;0;0;0;0;0;0;0;0;0;0;0;-6;0.25;36.036;8;29;4;2019;0;18
2019-04-29 14:04:00+00:00;0;0;0;0;0;0;0;0;0;0;0;0;-6;3.5;350.528;14;29;4;2019;0;18
2019-04-29 20:04:00+00:00;0;0;0;0;0;0;0;0;0;0;0;0;-6;1.418;63.804;20;29;4;2019;0;18
2019-04-30 02:04:00+00:00;0;0;0;0;0;0;0;0;0;0;0;0;-6;0;6.446;2;30;4;2019;1;18
2019-04-30 08:04:00+00:00;0;0;0;0;0;0;0;0;0;0;0;0;-6;0;22.023;8;30;4;2019;1;18
2019-05-02 14:05:00+00:00;0;0;0;0;0;0;0;0;0;0;0;0;-6;6.168;360.841;14;2;5;2019;3;18
2019-05-03 14:05:00+00:00;5.911;3.107;58.914;12.822;13.544;6.935;0;21.13;24.6;211.069;29.786;181.25;-17;6.414;371.993;14;3;5;2019;4;18
2019-05-03 20:05:00+00:00;6;4;337.8;16.73;16.16;10.26;0;21.383;25.124;237.8;16.94;220.9;-656.167;0.75;32.502;20;3;5;2019;4;18
2019-05-04 02:05:00+00:00;6;4;337.8;16.73;16.16;10.26;0;21.281;25.124;237.8;16.94;220.9;-1;0;6.579;2;4;5;2019;5;18
2019-05-04 08:05:00+00:00;6;4;337.8;16.73;16.16;10.26;0;21.241;25.124;237.8;16.94;220.9;-2;0.5;30.553;8;4;5;2019;5;18
2019-05-04 14:05:00+00:00;6;4;337.8;16.73;16.16;10.26;0;21.351;25.124;237.8;16.94;220.9;-3;8.918;407.516;14;4;5;2019;5;18
2019-05-04 20:05:00+00:00;6;4;337.8;16.73;16.16;10.26;0;21.307;25.124;237.8;16.94;220.9;-4;2.25;82.333;20;4;5;2019;5;18
2019-05-05 02:05:00+00:00;6;4;337.8;16.73;16.16;10.26;0;21.112;25.124;237.8;16.94;220.9;-4;0;6.381;2;5;5;2019;6;18
2019-05-05 08:05:00+00:00;6;4;337.8;16.73;16.16;10.26;0;21.011;25.124;237.8;16.94;220.9;-5;0;14.006;8;5;5;2019;6;18
2019-05-05 14:05:00+00:00;6;4;337.8;16.73;16.16;10.26;0;21.03;25.124;237.8;16.94;220.9;-6;3.832;294.749;14;5;5;2019;6;18
2019-05-05 20:05:00+00:00;6;4;337.8;16.73;16.16;10.26;0;21.014;25.124;237.8;16.94;220.9;-7;1.25;66.389;20;5;5;2019;6;18
2019-05-06 02:05:00+00:00;6;4;337.8;16.73;16.16;10.26;0;20.903;25.124;237.8;16.94;220.9;-8;0;6.408;2;6;5;2019;0;19
2019-05-06 08:05:00+00:00;6;4;337.8;16.73;16.16;10.26;0;20.844;25.124;237.8;16.94;220.9;-9;0;33.428;8;6;5;2019;0;19
2019-05-06 14:05:00+00:00;4.469;2.617;191.83;10.667;14.576;2.731;0;20.277;23.675;749.222;514.3;235.041;-731;6.082;659.806;14;6;5;2019;0;19
2019-05-14 14:05:00+00:00;6.889;4.222;273.011;19.23;18.41;8.79;0;21.348;25.473;869.111;748.744;120.544;294;10.5;854.778;14;14;5;2019;1;20
2019-05-14 20:05:00+00:00;5.667;3;234.337;19.23;16.636;8.79;0;21.186;24.646;113.569;71.436;42.12;190.667;5.5;289.296;20;14;5;2019;1;20
2019-05-15 02:05:00+00:00;4.556;2.667;64.509;20.394;11.341;6.666;0;20.591;23.384;6.444;0;6.444;143;0;6.492;2;15;5;2019;2;20
2019-05-15 08:05:00+00:00;2.556;1.667;108.023;20.54;10.082;6.4;0;20.614;23.722;258.272;205.961;52.291;250.667;0.168;41.422;8;15;5;2019;2;20
2019-05-15 14:05:00+00:00;7.778;4.111;330.567;20.54;16.286;6.4;0;21.473;25.594;762.867;521.178;241.7;810.667;9.836;735.206;14;15;5;2019;2;20
2019-05-15 20:05:00+00:00;3.889;2.222;235.429;20.54;15.883;6.4;0;21.356;25.09;116.724;75.197;41.528;202.667;5.918;306.428;20;15;5;2019;2;20
2019-05-16 02:05:00+00:00;1;0.778;84.297;18.851;8.571;8.151;0;20.729;23.65;6.42;0;6.42;147.333;0;6.49;2;16;5;2019;3;20
2019-05-16 08:05:00+00:00;2.333;1.667;142.078;18.64;9.235;8.37;0;20.826;24.741;252.067;194.68;57.358;261.667;0.25;42.02;8;16;5;2019;3;20
2019-05-16 14:05:00+00:00;6.111;3.333;233.035;18.64;18.923;8.37;0;21.645;26.802;861.889;738.878;123.089;312.333;10.418;873.742;14;16;5;2019;3;20
2019-05-16 20:05:00+00:00;3.667;2.111;296.881;18.64;18.576;8.37;0;21.529;24.99;111.581;35.362;76.225;198.333;4.582;274.842;20;16;5;2019;3;20
2019-05-17 02:05:00+00:00;3;2.111;339.189;20.676;13.714;6.772;0;21.045;23.923;6.486;0;6.486;146;0;6.489;2;17;5;2019;4;20
2019-05-17 08:05:00+00:00;2.889;1.667;253.958;20.93;12.162;6.572;0;21.017;24.236;97.652;0.061;97.592;252.667;0.168;50.897;8;17;5;2019;4;20
2019-05-17 14:05:00+00:00;3.5;2.5;342.2;20.93;13.305;6.572;0;21.53;25.506;130.335;0.035;130.3;334;2.582;153.389;14;17;5;2019;4;20
2019-05-17 20:05:00+00:00;1;0.5;164.5;20.93;10.185;6.572;0;21.166;24.459;21.06;0.299;20.765;263;0.332;29.113;20;17;5;2019;4;20
2019-05-18 02:05:00+00:00;1;0.5;110.212;17.795;9.965;8.226;0;20.868;23.984;6.414;0;6.414;142;0;6.412;2;18;5;2019;5;20
2019-05-18 08:05:00+00:00;2;1.5;134.2;14.66;10.36;9.88;0;20.82;23.766;102.89;11.422;91.45;142;0;37.637;8;18;5;2019;5;20
2019-05-18 14:05:00+00:00;3.5;2;184.04;14.66;18.64;9.88;0;21.372;24.22;575.35;75.486;499.85;136;6.168;469.955;14;18;5;2019;5;20
2019-05-18 20:05:00+00:00;1;1;15.713;14.66;15.395;9.88;0;21.27;24.012;53.105;0.148;52.97;145;1.582;79.722;20;18;5;2019;5;20
2019-05-19 02:05:00+00:00;2;1.5;288.65;17.55;11.505;9.775;0;20.96;23.783;6.488;0;6.488;144;0;6.489;2;19;5;2019;6;20
2019-05-19 08:05:00+00:00;5.5;3.5;182.592;20.44;11.17;9.67;0;20.813;23.594;61.03;0.175;60.835;136;0.082;30.981;8;19;5;2019;6;20
2019-05-19 14:05:00+00:00;4.5;3;180.601;20.44;11.945;9.67;0;20.929;23.937;207.95;0.008;207.95;137;3.332;237.757;14;19;5;2019;6;20
2019-05-19 20:05:00+00:00;0;0;178.18;20.44;12.56;9.67;0;20.87;24.544;23.115;0.292;22.825;150;0.586;25.603;20;19;5;2019;6;20
2019-05-20 02:05:00+00:00;3;2;65.98;17.365;11.62;10.275;0;20.634;23.605;6.43;0;6.43;135;0;6.44;2;20;5;2019;0;21
2019-05-20 08:05:00+00:00;6.5;4;167.291;14.29;12.05;10.88;0;20.752;24.241;35.415;0.245;35.17;236;0;14.866;8;20;5;2019;0;21
2019-05-20 14:05:00+00:00;4.5;2;187.685;14.29;13.495;10.88;0;21.192;25.102;208.2;4.254;203.95;337;2;141.767;14;20;5;2019;0;21
2019-05-20 20:05:00+00:00;3.5;2.5;15.1;14.29;13.675;10.88;0;21.039;23.921;61.285;0.269;61.03;246;1.586;73.108;20;20;5;2019;0;21
2019-05-21 02:05:00+00:00;4.5;2;190.095;14.585;13.47;11.125;0;20.704;23.789;6.435;0;6.435;154;0;6.437;2;21;5;2019;1;21
2019-05-21 08:05:00+00:00;4.5;2.5;189.01;14.88;13.09;11.37;0;20.679;23.594;98;22.455;75.555;226;0;29.527;8;21;5;2019;1;21
2019-05-21 14:05:00+00:00;6.6;4.4;302.769;14.88;19.149;11.37;0;21.647;26.111;561.62;258.79;302.82;1;6.664;468.615;14;21;5;2019;1;21
2019-05-21 20:05:00+00:00;4.724;2.793;96.358;14.88;18.284;11.37;0;21.251;24.346;36.005;6.293;29.707;199.833;2.168;139.715;20;21;5;2019;1;21
2019-05-22 02:05:00+00:00;2.4;1.511;144.611;20.62;15.086;12.318;0;20.901;24.201;6.514;0;6.514;151.433;0;6.469;2;22;5;2019;2;21
2019-05-22 08:05:00+00:00;1.226;0.798;148.006;20.75;13.883;12.34;0;21.07;24.748;272.808;198.301;74.526;273.233;0;46.775;8;22;5;2019;2;21
2019-05-22 14:05:00+00:00;6.378;3.8;294.201;20.75;22.844;12.34;0;22.172;26.358;898.384;677.044;221.436;304.733;9.582;871.832;14;22;5;2019;2;21
2019-05-22 20:05:00+00:00;4.933;2.833;103.75;20.75;20.022;12.34;0;22.094;25.716;77.275;44.033;33.237;206.3;5.836;299.363;20;22;5;2019;2;21
2019-05-23 02:05:00+00:00;1.244;0.889;125.191;24.876;13.343;10.287;0;21.494;24.651;6.553;0;6.553;154.167;0;6.598;2;23;5;2019;3;21
2019-05-23 08:05:00+00:00;2.589;1.489;153.263;24.97;14.052;10.24;0;21.611;25.911;313.035;252.635;60.417;296.1;0.25;48.929;8;23;5;2019;3;21
2019-05-23 14:05:00+00:00;5.967;3.333;231.66;24.97;23.636;10.24;0;22.412;26.713;846.027;702.433;143.804;326.3;10;879.091;14;23;5;2019;3;21
2019-05-23 20:05:00+00:00;4;2.467;279.294;24.97;22.135;10.24;0;22.482;26.344;94.506;62.67;31.854;218.7;5.5;314.188;20;23;5;2019;3;21
2019-05-24 02:05:00+00:00;0.833;0.589;148.363;25.312;14.44;10.68;0;21.847;25.192;6.544;0;6.544;152.033;0;6.608;2;24;5;2019;4;21
2019-05-24 08:05:00+00:00;1.711;1.044;142.41;25.32;15.123;10.69;0;21.905;25.434;258.285;142.49;115.845;281.567;0;49.018;8;24;5;2019;4;21
2019-05-24 14:05:00+00:00;5.833;3.411;302.719;25.32;25.493;10.69;0;22.949;27.873;861.067;710.687;150.14;328.867;9.582;862.612;14;24;5;2019;4;21
2019-05-24 20:05:00+00:00;4.456;2.7;177.838;25.32;22.719;10.69;0;22.741;26.31;67.38;15.17;52.233;211.067;5.5;223.091;20;24;5;2019;4;21
2019-05-25 02:05:00+00:00;3.256;2.033;283.63;26.552;18.098;12.206;0;22.238;25.552;6.583;0;6.583;158.333;0;6.642;2;25;5;2019;5;21
2019-05-25 08:05:00+00:00;1.722;1.089;201.381;26.58;14.879;12.24;0;22.123;25.461;78.084;0.132;77.956;160.567;0;24.084;8;25;5;2019;5;21
2019-05-25 14:05:00+00:00;4.4;2.578;178.928;26.58;21.608;12.24;0;22.563;25.912;528.242;61.916;466.296;150;8.418;494.365;14;25;5;2019;5;21
2019-05-25 20:05:00+00:00;1.556;1.022;134.23;26.58;18.748;12.24;0;22.457;25.571;34.526;0.236;34.289;157.2;2.582;125.31;20;25;5;2019;5;21
2019-05-26 02:05:00+00:00;0.778;0.422;123.863;24.429;14.181;14.186;0;22.197;25.636;6.536;0;6.536;155.1;0;6.544;2;26;5;2019;6;21
2019-05-26 08:05:00+00:00;3.256;1.967;154.77;24.38;15.589;14.23;0;22.246;25.409;316.71;206.512;110.211;156.1;0.25;56.858;8;26;5;2019;6;21
2019-05-26 14:05:00+00:00;6.078;3.522;267.276;24.38;20.816;14.23;0;22.648;26.058;445.144;176.085;269.058;151.867;7.668;415.763;14;26;5;2019;6;21
2019-05-26 20:05:00+00:00;4.3;2.622;69.374;24.38;21.026;14.23;0;22.705;26.619;49.22;6.258;42.976;162.533;6.75;229.073;20;26;5;2019;6;21
2019-05-27 02:05:00+00:00;5.622;3.356;76.019;23.138;18.004;13.145;0;22.332;25.453;6.567;0;6.567;160.3;0;6.556;2;27;5;2019;0;22
2019-05-27 08:05:00+00:00;5.256;3.078;113.806;23.11;16.506;13.12;0;22.351;26.325;199.306;36.568;162.755;288.133;0.668;75.038;8;27;5;2019;0;22
2019-05-27 14:05:00+00:00;7.556;4.3;272.293;23.11;22.116;13.12;0;23.154;28.104;711.791;297.504;414.351;321.8;12.582;725.644;14;27;5;2019;0;22
2019-05-27 20:05:00+00:00;5.767;3.378;247.147;23.11;18.954;13.12;0;22.997;26.478;34.67;4.398;30.268;224.033;7.168;201.281;20;27;5;2019;0;22
2019-05-28 02:05:00+00:00;4.989;2.944;157.813;23.218;16.312;15.633;0;22.617;26.032;6.59;0;6.59;154.067;0;6.581;2;28;5;2019;1;22
2019-05-28 08:05:00+00:00;5.311;3.067;119.762;23.22;13.962;15.69;0;22.428;26.098;99.215;0.102;99.101;273;0;32.288;8;28;5;2019;1;22
2019-05-28 14:05:00+00:00;2.167;1.322;174.617;23.22;13.264;15.69;0;22.706;26.596;133.562;0.037;133.56;1;3.836;183.016;14;28;5;2019;1;22
2019-05-28 20:05:00+00:00;1.556;1;146.208;23.22;11.601;15.69;0;22.449;25.778;51.381;1.641;49.736;204.233;4.086;104.908;20;28;5;2019;1;22
2019-05-29 02:05:00+00:00;4.967;3.022;73.531;17.461;11.033;10.117;0;22.061;24.988;6.391;0;6.391;152.233;0;6.376;2;29;5;2019;2;22
2019-05-29 08:05:00+00:00;5.878;3.278;206.102;17.33;11.988;9.99;0;21.948;24.679;147.079;7.876;139.211;278.133;0.582;52.256;8;29;5;2019;2;22
2019-05-29 14:05:00+00:00;5.844;3.456;292.255;17.33;15.597;9.99;0;22.513;25.873;541.06;200.555;340.473;317.8;6.832;402.509;14;29;5;2019;2;22
2019-05-29 20:05:00+00:00;3.556;2.056;150.958;17.33;16.324;9.99;0;22.284;25.495;30.71;0.815;29.89;211.033;4;97.824;20;29;5;2019;2;22
2019-05-30 02:05:00+00:00;2.9;1.667;113.194;18.699;14.037;10.371;0;21.995;24.932;6.496;0;6.496;154.6;0;6.456;2;30;5;2019;3;22
2019-05-30 08:05:00+00:00;1.767;1.033;149.807;18.73;13.449;10.38;0;22.011;24.95;314.727;249.625;65.083;181.1;0.332;55.129;8;30;5;2019;3;22
2019-05-30 14:05:00+00:00;5.944;3.478;280.338;18.73;21.842;10.38;0;22.452;25.555;731.011;440.233;290.871;168.833;15.582;816.357;14;30;5;2019;3;22
2019-05-30 20:05:00+00:00;5.244;3.144;53.374;18.73;20.766;10.38;0;22.735;26.524;100.559;64.923;35.613;168.867;9.25;324.055;20;30;5;2019;3;22
2019-05-31 02:05:00+00:00;1.356;0.978;132.244;24.333;14.726;9.324;0;22.324;25.308;6.582;0;6.582;159.933;0;6.604;2;31;5;2019;4;22
2019-05-31 08:05:00+00:00;2.133;1.378;145.312;24.46;15.284;9.3;0;22.389;25.309;313.439;258.77;54.689;175.567;0.332;51.071;8;31;5;2019;4;22
2019-05-31 14:05:00+00:00;5.144;3.056;229.74;24.46;25.011;9.3;0;22.864;26.098;859.089;764.582;94.436;171.9;15.25;880.308;14;31;5;2019;4;22
2019-05-31 20:05:00+00:00;3.956;2.378;147.014;24.46;24.358;9.3;0;23.221;27.406;103.686;69.559;34.106;176.8;8.75;321.463;20;31;5;2019;4;22
2019-06-01 02:06:00+00:00;1.5;0.956;120.86;26.895;17.112;11.666;0;22.703;25.954;6.63;0;6.63;162;0;6.663;2;1;6;2019;5;22
2019-06-01 08:06:00+00:00;1.767;1.133;149.551;26.95;18.119;11.72;0;22.803;25.779;310.788;253.73;57.015;151.767;0.418;52.99;8;1;6;2019;5;22
2019-06-01 14:06:00+00:00;5.567;3.289;218.672;26.95;27.941;11.72;0;23.308;27.306;850.836;745.676;105.231;144.8;15;867.742;14;1;6;2019;5;22
2019-06-01 20:06:00+00:00;2.833;1.722;179.107;26.95;26.727;11.72;0;23.694;28.152;105.095;69.307;35.822;163;8.664;321.101;20;1;6;2019;5;22
2019-06-02 02:06:00+00:00;0.944;0.656;94.551;29.453;18.962;14.311;0;23.169;26.569;6.662;0;6.662;164.167;0;6.706;2;2;6;2019;6;22
2019-06-02 08:06:00+00:00;1.922;1.144;149.068;29.51;19.816;14.37;0;23.192;26.285;308.172;249.755;58.404;153.967;0;53.385;8;2;6;2019;6;22
2019-06-02 14:06:00+00:00;5.756;3.422;204.171;29.51;29.808;14.37;0;23.828;28.573;855.933;743.247;112.831;150.8;14.918;874.133;14;2;6;2019;6;22
2019-06-02 20:06:00+00:00;4.278;2.578;289.354;29.51;27.523;14.37;0;24.208;29.109;106.239;69.96;36.265;167.9;8.75;326.086;20;2;6;2019;6;22
2019-06-03 02:06:00+00:00;2.189;1.367;287.851;31.27;19.539;16.062;0;23.557;27.076;6.642;0;6.642;164.2;0;6.673;2;3;6;2019;0;23
2019-06-03 08:06:00+00:00;2.322;1.289;213.654;31.31;19.021;16.1;0;23.5;26.818;304.414;241.564;62.894;279.9;0;54.267;8;3;6;2019;0;23
2019-06-03 14:06:00+00:00;6.156;3.578;137.994;31.31;29.335;16.1;0;24.531;28.553;794.142;580.6;213.549;340.733;9.918;854.006;14;3;6;2019;0;23
2019-06-03 20:06:00+00:00;1.044;0.733;110.944;31.31;26.721;16.1;0;23.964;27.583;69.521;5.205;64.311;1;2.668;142.539;20;3;6;2019;0;23
2019-06-04 02:06:00+00:00;1.033;0.789;116.131;30.606;20.623;16.022;0;23.686;26.988;6.668;0;6.668;192.167;0;6.655;2;4;6;2019;1;23
2019-06-04 08:06:00+00:00;2.633;1.644;228.678;30.59;19.184;16.02;0;23.544;26.785;297.012;200.949;96.073;357.033;0.082;61.038;8;4;6;2019;1;23
2019-06-04 14:06:00+00:00;6.4;3.678;218.955;30.59;29.392;16.02;0;23.999;28.337;835.213;668.802;166.404;416.6;14.664;853.625;14;4;6;2019;1;23
2019-06-04 20:06:00+00:00;4.256;2.6;285.599;30.59;25.406;16.02;0;23.982;28.051;101.431;30.55;70.894;257.767;6.164;236.939;20;4;6;2019;1;23
2019-06-05 02:06:00+00:00;2.122;1.333;250.567;31.079;18.904;16.91;0;23.583;27.071;6.629;0;6.629;176.833;0;6.631;2;5;6;2019;2;23
2019-06-05 08:06:00+00:00;1.956;1.156;162.678;31.09;19.282;16.93;0;23.318;26.664;320.147;234.714;85.451;303.2;0.25;64.93;8;5;6;2019;2;23
2019-06-05 14:06:00+00:00;3.644;2.222;205.68;31.09;29.954;16.93;0;23.86;28.43;816.516;610.089;206.271;416.167;14.832;863.141;14;5;6;2019;2;23
2019-06-05 20:06:00+00:00;6.978;4.144;210.363;31.09;27.752;16.93;0;24.072;28.462;114.948;61.579;53.336;286.8;7.5;281.277;20;5;6;2019;2;23
2019-06-06 02:06:00+00:00;6.956;4.2;161.631;33.73;14.575;14.935;0;23.443;27.225;6.59;0;6.59;179.3;0;6.654;2;6;6;2019;3;23
2019-06-06 08:06:00+00:00;4.456;2.633;256.208;33.79;12.244;14.89;0;22.833;26.42;48.528;0.185;48.343;303.467;0.332;21.761;8;6;6;2019;3;23
2019-06-06 14:06:00+00:00;4.222;2.567;286.559;33.79;19.197;14.89;0;23.05;26.446;878.449;676.784;201.34;330.133;12.586;848.615;14;6;6;2019;3;23
2019-06-06 20:06:00+00:00;1.789;1.022;116.578;33.79;20.079;14.89;0;23.227;27.354;125.346;55.838;69.508;227.033;9.082;369.527;20;6;6;2019;3;23
2019-06-07 02:06:00+00:00;1.289;0.856;165.466;22.673;14.654;11.712;0;22.86;26.142;6.54;0;6.54;173.033;0;6.578;2;7;6;2019;4;23
2019-06-07 08:06:00+00:00;2.333;1.4;201.626;22.42;15.858;11.64;0;22.643;26.453;320.973;253.037;67.891;285.833;0.168;59.097;8;7;6;2019;4;23
2019-06-07 14:06:00+00:00;6.211;3.544;189.032;22.42;30.166;11.64;0;22.921;26.978;882.667;720.64;161.911;400.067;15;890.633;14;7;6;2019;4;23
2019-06-07 20:06:00+00:00;5.011;3.011;181.622;22.42;19.16;11.64;0;22.741;25.842;35.425;0.317;35.108;218.6;2.25;93.645;20;7;6;2019;4;23
2019-06-08 02:06:00+00:00;1.444;1.056;125.734;30.927;13.048;11.953;0;22.497;25.522;6.479;0;6.479;175;0;6.561;2;8;6;2019;5;23
2019-06-08 08:06:00+00:00;1.933;1.3;121.951;31.12;14.021;11.96;0;22.533;25.8;331.451;267.997;63.406;172.433;0.5;61.252;8;8;6;2019;5;23
2019-06-08 14:06:00+00:00;5.633;3.244;271.556;31.12;23.751;11.96;0;22.926;26.16;898.333;795.973;102.151;155.3;15.5;917.558;14;8;6;2019;5;23
2019-06-08 20:06:00+00:00;3.711;2.322;242.937;31.12;21.723;11.96;0;23.137;27.196;117.164;81.145;36.036;171.4;9.664;357.283;20;8;6;2019;5;23
2019-06-09 02:06:00+00:00;2.644;1.467;148.986;25.107;15.597;10.884;0;22.607;25.719;6.534;0;6.534;169.467;0;6.58;2;9;6;2019;6;23
2019-06-09 08:06:00+00:00;3.111;1.878;159.179;24.97;13.862;10.86;0;22.381;25.399;65.615;6.035;59.595;169.2;0.082;19.498;8;9;6;2019;6;23
2019-06-09 14:06:00+00:00;2.689;1.7;127.487;24.97;15.802;10.86;0;22.435;25.461;242.276;16.492;225.809;172.9;1.918;97.6;14;9;6;2019;6;23
2019-06-09 20:06:00+00:00;2.256;1.367;161.97;24.97;17.592;10.86;0;22.584;25.536;40.284;0.202;40.081;172.5;3.168;112.584;20;9;6;2019;6;23
2019-06-10 02:06:00+00:00;1.478;0.956;162.096;20.863;15.547;13.187;0;22.312;25.203;6.5;0;6.5;169.033;0;6.513;2;10;6;2019;0;24
2019-06-10 08:06:00+00:00;1.989;1.167;150.952;20.77;15.761;13.24;0;22.144;25.118;93.089;0.65;92.442;235.533;0.332;32.74;8;10;6;2019;0;24
2019-06-10 14:06:00+00:00;2.133;1.244;161.503;20.77;16.005;13.24;0;22.066;25.087;62.516;0.183;62.335;223.233;1.664;64.121;14;10;6;2019;0;24
2019-06-10 20:06:00+00:00;2.5;1.567;164.036;20.77;14.856;13.24;0;21.949;24.935;14.196;0.271;13.925;669.3;0.832;28.192;20;10;6;2019;0;24
2019-06-11 02:06:00+00:00;5.4;3.111;169.976;18.13;13.153;12.673;0;21.714;24.654;6.442;0;6.442;145.9;0;6.458;2;11;6;2019;1;24
2019-06-11 08:06:00+00:00;1.078;0.558;154.586;18.07;11.886;12.66;0;21.412;24.481;51.676;0.258;51.409;262.733;0;18.837;8;11;6;2019;1;24
2019-06-11 14:06:00+00:00;2.733;1.533;293.611;18.07;13.285;12.66;0;21.611;24.673;134.056;0.029;134.022;318.3;3.414;184.009;14;11;6;2019;1;24
2019-06-11 20:06:00+00:00;2.922;1.678;298.415;18.07;12.042;12.66;0;21.489;24.376;12.705;0.289;12.419;194.3;0.668;26.877;20;11;6;2019;1;24
2019-06-12 02:06:00+00:00;4.989;3.1;224.404;14.09;11.35;11.154;0;21.305;24.027;6.376;0;6.376;165.133;0;6.369;2;12;6;2019;2;24
2019-06-12 08:06:00+00:00;1.1;0.744;127.7;14;12.254;11.12;0;21.148;24.108;226.058;116.122;109.936;281.5;0.082;52.518;8;12;6;2019;2;24
2019-06-12 14:06:00+00:00;5.511;3.178;239.555;14;20.855;11.12;0;21.841;25.139;887.178;793.449;93.947;298.733;15.918;903.958;14;12;6;2019;2;24
2019-06-12 20:06:00+00:00;3.956;2.456;151.644;14;21.155;11.12;0;22.157;26.521;148.557;90.334;58.227;232.4;10;367.168;20;12;6;2019;2;24
2019-06-13 02:06:00+00:00;1.167;0.778;127.64;23.132;14.583;9.614;0;21.675;24.576;6.55;0;6.55;180.533;0;6.581;2;13;6;2019;3;24
2019-06-13 08:06:00+00:00;1.6;1;135.024;23.34;15.553;9.58;0;21.521;24.317;330.511;275.625;54.915;274.133;0;56.771;8;13;6;2019;3;24
2019-06-13 14:06:00+00:00;5.767;3.233;230.091;23.34;25.907;9.58;0;22.071;25.015;893.133;798.493;94.738;376.867;15.25;904.525;14;13;6;2019;3;24
2019-06-13 20:06:00+00:00;1.567;0.933;235.141;23.34;24.915;9.58;0;22.385;26.04;144.861;62.436;82.419;208.633;9.168;362.822;20;13;6;2019;3;24
2019-06-14 02:06:00+00:00;1.256;0.811;160.397;27.975;18.254;11.311;0;21.986;24.814;6.662;0;6.662;178.9;0;6.641;2;14;6;2019;4;24
2019-06-14 08:06:00+00:00;1.722;0.967;149.186;28.08;17.064;11.35;0;21.784;24.405;35.569;0.231;35.336;291.5;0.5;34.739;8;14;6;2019;4;24
2019-06-14 14:06:00+00:00;2.044;1.211;155.927;28.08;23.242;11.35;0;22.281;25.216;694.198;294.24;399.991;294.9;6.5;448.872;14;14;6;2019;4;24
2019-06-14 20:06:00+00:00;4.789;2.856;214.886;28.08;23.781;11.35;0;22.409;25.561;80.075;5.164;74.904;217.133;3.668;161.812;20;14;6;2019;4;24
2019-06-15 02:06:00+00:00;4.356;2.611;185.481;26.936;18.832;16.151;0;22.014;24.773;6.619;0;6.619;189.667;0;6.636;2;15;6;2019;5;24
2019-06-15 08:06:00+00:00;1.256;0.833;209.721;26.91;16.332;16.26;0;21.952;24.547;91.438;3.433;88.005;176.367;0;14.444;8;15;6;2019;5;24
2019-06-15 14:06:00+00:00;7.678;4.678;197.523;26.91;22.374;16.26;0;22.472;25.337;505.521;357.982;147.696;175.167;14;857.45;14;15;6;2019;5;24
2019-06-15 20:06:00+00:00;1.133;0.733;145.797;26.91;15.688;16.26;0;22.065;24.784;42.735;2.409;40.324;162.067;1.918;92.123;20;15;6;2019;5;24
2019-06-16 02:06:00+00:00;0.633;0.311;146.193;25.17;12.477;12.681;0;21.798;24.398;6.452;0;6.452;211.667;0;6.533;2;16;6;2019;6;24
2019-06-16 08:06:00+00:00;1.2;0.689;175.608;25.13;15.225;12.6;0;21.865;24.405;260.055;79.911;180.13;167.3;0.668;73.957;8;16;6;2019;6;24
2019-06-16 14:06:00+00:00;4.733;2.867;267.584;25.13;22.692;12.6;0;22.323;25.341;457.116;75.255;381.864;150.2;7.664;479.59;14;16;6;2019;6;24
2019-06-16 20:06:00+00:00;4.689;2.844;123.56;25.13;22.9;12.6;0;22.668;26.224;117.324;75.13;42.181;176.267;8.25;331.318;20;16;6;2019;6;24
2019-06-17 02:06:00+00:00;0.944;0.689;120.165;25.13;15.704;11.534;0;22.079;25.073;6.548;0;6.548;608.9;0;6.615;2;17;6;2019;0;25
2019-06-17 08:06:00+00:00;2.489;1.533;140.919;25.13;17.573;11.51;0;22.073;24.898;317.239;259.882;57.345;281.767;0.082;55.062;8;17;6;2019;0;25
2019-06-17 14:06:00+00:00;5.556;3.233;209.344;25.13;27.079;11.51;0;22.652;25.655;856.2;746.929;109.429;432.533;14.668;874;14;17;6;2019;0;25
2019-06-17 20:06:00+00:00;2.622;1.611;126.747;25.13;24.629;11.51;0;22.894;26.339;198.755;55.567;143.202;215.2;7.75;311.548;20;17;6;2019;0;25
2019-06-18 02:06:00+00:00;2.044;1.233;140.298;29.1;18.183;14.199;0;22.455;25.444;6.624;0;6.624;176.9;0;6.602;2;18;6;2019;1;25
2019-06-18 08:06:00+00:00;2.911;1.8;141.958;29.19;19.457;14.26;0;22.428;25.229;295.052;177.907;117.148;301.7;0;59.205;8;18;6;2019;1;25
2019-06-18 14:06:00+00:00;3.833;2.3;231.194;29.19;30.183;14.26;0;22.876;26.074;730.244;374.853;355.291;378.267;11.836;778.365;14;18;6;2019;1;25
2019-06-18 20:06:00+00:00;2.778;1.711;258.081;29.19;27.045;14.26;0;22.992;26.741;117.444;69.194;48.266;257.433;3.75;218.795;20;18;6;2019;1;25
2019-06-19 02:06:00+00:00;1.067;0.744;134.388;31.674;19.183;16.685;0;22.571;25.846;6.658;0;6.658;176.067;0;6.663;2;19;6;2019;2;25
2019-06-19 08:06:00+00:00;2.966;1.795;204.526;31.73;19.86;16.74;0;22.294;25.485;249.723;136.068;113.655;298.7;0.25;43.271;8;19;6;2019;2;25
2019-06-19 14:06:00+00:00;6.978;4.1;220.955;7.404;16.124;3.906;21.322;24.948;29.745;477.389;375.146;102.339;362.793;14.168;852.419;14;19;6;2019;2;25
2019-06-19 20:06:00+00:00;4.789;2.8;254.925;0;26.248;0;23.227;25.018;26.999;95.452;37.632;57.787;250.833;8.082;280.185;20;19;6;2019;2;25
2019-06-20 02:06:00+00:00;1.267;0.822;146.026;28.825;19.572;20.054;22.937;24.545;25.797;6.663;0;6.663;177.8;0;6.689;2;20;6;2019;3;25
2019-06-20 08:06:00+00:00;2.322;1.4;148.752;29.48;15.784;20.51;22.468;24.169;25.523;52.371;0.388;51.97;296.033;0;11.938;8;20;6;2019;3;25
2019-06-20 14:06:00+00:00;3.078;1.811;172.061;29.48;26.72;20.51;22.834;24.719;26.112;778.196;601.233;177.129;356.8;14;868.036;14;20;6;2019;3;25
2019-06-20 20:06:00+00:00;3.078;1.711;192.927;29.48;22.548;20.51;23.455;24.744;26.47;34.95;0.201;34.752;237.233;2.586;114.8;20;20;6;2019;3;25
2019-06-21 02:06:00+00:00;1.3;0.9;149.361;28.453;18.762;19.014;22.727;24.433;25.783;6.632;0;6.632;178.5;0;6.661;2;21;6;2019;4;25
2019-06-21 08:06:00+00:00;1.556;1.044;156.381;28.43;19.718;18.98;23.13;24.301;26.001;168.884;47.901;121.004;292.467;0;29.106;8;21;6;2019;4;25
2019-06-21 14:06:00+00:00;3.633;2.233;151.902;28.43;24.58;18.98;23.538;24.945;26.254;388.524;63.408;325.1;361.667;9.918;550.525;14;21;6;2019;4;25
2019-06-21 20:06:00+00:00;1.244;0.811;122.206;28.43;19.045;18.98;23.108;24.599;26.525;34.884;0.339;34.546;214.4;1.086;72.999;20;21;6;2019;4;25
2019-06-22 02:06:00+00:00;1.456;0.967;201.319;26.318;17.982;17.875;22.523;24.394;25.836;6.567;0;6.567;168.033;0;6.587;2;22;6;2019;5;25
2019-06-22 08:06:00+00:00;2.978;1.789;278.228;26.27;17.274;17.85;22.357;24.294;25.814;79.435;0.156;79.286;168.067;0;19.862;8;22;6;2019;5;25
2019-06-22 14:06:00+00:00;2.367;1.511;218.866;26.27;22.458;17.85;22.99;24.576;26.196;747.916;582.258;165.722;160.233;4;373.559;14;22;6;2019;5;25
2019-06-22 20:06:00+00:00;2.256;1.333;283.833;26.27;23.868;17.85;23.203;25.096;27.6;127.72;88.356;39.402;178.9;9.25;352.557;20;22;6;2019;5;25
2019-06-23 02:06:00+00:00;2.089;1.233;151.082;26.436;17.252;16.276;22.204;24.494;26.219;6.618;0;6.618;172.7;0;6.648;2;23;6;2019;6;25
2019-06-23 08:06:00+00:00;2.989;1.9;142.191;26.44;18.896;16.24;22.587;24.61;25.957;313.51;255.665;57.853;171.033;0.168;53.9;8;23;6;2019;6;25
2019-06-23 14:06:00+00:00;4.678;2.7;243.747;26.44;29.341;16.24;23.888;25.354;27.954;862.444;756.92;105.671;174.533;14.25;867.938;14;23;6;2019;6;25
2019-06-23 20:06:00+00:00;1.389;0.811;185.902;26.44;26.67;16.24;23.889;25.397;27.581;57.035;1.361;55.643;188.667;4.414;138.777;20;23;6;2019;6;25
2019-06-24 02:06:00+00:00;1.322;0.9;131.796;31.153;20.601;16.044;22.875;24.792;26.393;6.705;0;6.705;178.8;0;6.688;2;24;6;2019;0;26
2019-06-24 08:06:00+00:00;2.833;1.678;149.054;31.26;21.675;16.04;23.295;24.741;26.117;311.687;245.974;65.72;253.767;0;51.722;8;24;6;2019;0;26
2019-06-24 14:06:00+00:00;2.956;1.822;254.307;31.26;31.278;16.04;23.918;25.34;27.152;833.44;661.149;172.298;378.2;12.918;843.863;14;24;6;2019;0;26
2019-06-24 20:06:00+00:00;2.089;1.211;226.253;31.26;29.278;16.04;23.531;25.6;27.821;76.168;18.741;57.434;267.133;7.25;257.682;20;24;6;2019;0;26
2019-06-25 02:06:00+00:00;0.867;0.622;116.338;34.369;22.502;18.651;23.508;25.228;26.685;6.767;0;6.767;180.8;0;6.773;2;25;6;2019;1;26
2019-06-25 08:06:00+00:00;0.989;0.544;152.676;34.44;23.746;18.71;23.189;25.146;26.661;277.439;173.617;103.832;438.8;0.25;63.105;8;25;6;2019;1;26
2019-06-25 14:06:00+00:00;4.867;2.867;233.07;34.44;31.439;18.71;23.231;25.786;27.183;710.011;390.424;319.62;379.5;13.25;801.508;14;25;6;2019;1;26
2019-06-25 20:06:00+00:00;0.911;0.656;121.348;34.44;30.446;18.71;23.508;26.14;28.67;94.496;34.008;60.52;294.667;7.75;300.611;20;25;6;2019;1;26
2019-06-26 02:06:00+00:00;1.1;0.911;113.363;33.824;23.893;19.658;23.796;25.832;27.427;6.751;0;6.751;187.033;0;6.798;2;26;6;2019;2;26
2019-06-26 08:06:00+00:00;1.367;0.856;137.59;33.81;25.225;19.68;23.257;25.834;27.332;274.202;153.195;120.958;347.5;0.25;58.409;8;26;6;2019;2;26
2019-06-26 14:06:00+00:00;4.122;2.411;305.689;33.81;34.706;19.68;23.248;25.975;27.758;821.627;589.589;231.998;499.1;13.5;830.002;14;26;6;2019;2;26
2019-06-26 20:06:00+00:00;1.211;0.822;158.347;33.81;32.583;19.68;23.384;26.372;29.713;109.85;42.184;67.667;303.567;6.5;306.922;20;26;6;2019;2;26
2019-06-27 02:06:00+00:00;1.344;0.933;130.899;36.489;25.462;22.007;23.775;26.16;27.816;6.775;0;6.775;202;0;6.864;2;27;6;2019;3;26
2019-06-27 08:06:00+00:00;2.389;1.456;160.559;36.55;25.784;22.06;23.502;25.963;27.909;279.825;168.075;111.751;364.833;0.418;57.886;8;27;6;2019;3;26
2019-06-27 14:06:00+00:00;2.6;1.622;200.334;36.55;37.153;22.06;24.531;26.121;27.933;824.436;613.933;210.624;529.9;13.75;836.236;14;27;6;2019;3;26
2019-06-27 20:06:00+00:00;2.867;1.778;166.689;36.55;34.912;22.06;24.416;27.03;31.593;114.553;56.142;58.41;314.267;6.832;320.483;20;27;6;2019;3;26
2019-06-28 02:06:00+00:00;2;1.244;135.951;39.043;26.194;23.008;23.818;26.674;28.907;6.824;0;6.824;193.3;0;6.88;2;28;6;2019;4;26
2019-06-28 08:06:00+00:00;3.1;1.911;142.29;39.1;25.851;23.03;23.674;26.775;28.544;290.519;204.576;85.953;254.8;0.332;52.94;8;28;6;2019;4;26
2019-06-28 14:06:00+00:00;3.978;2.378;198.898;39.1;36.088;23.03;23.812;26.465;29.585;821.942;645.744;176.324;472.533;13.668;840.246;14;28;6;2019;4;26
2019-06-28 20:06:00+00:00;5.3;3.167;184.563;39.1;33.565;23.03;24.092;26.89;29.813;109.842;54.769;55.105;357.367;8.086;313.468;20;28;6;2019;4;26
2019-06-29 02:06:00+00:00;0.856;0.6;99.131;38.132;25.95;23.705;24.642;26.727;28.684;6.783;0;6.783;210.1;0;6.771;2;29;6;2019;5;26
2019-06-29 08:06:00+00:00;2.844;1.689;143.139;38.11;26.389;23.72;24.881;26.933;28.9;293.57;226.818;66.741;205.267;0;49.65;8;29;6;2019;5;26
2019-06-29 14:06:00+00:00;4.822;2.978;250.087;38.11;35.728;23.72;24.777;27.487;33.349;831.173;697.996;133.207;209.3;13.5;841.999;14;29;6;2019;5;26
2019-06-29 20:06:00+00:00;1.856;1.133;126.647;38.11;33.987;23.72;25.318;27.79;34.846;110.633;31.399;79.211;232.667;8.332;317.382;20;29;6;2019;5;26
2019-06-30 02:06:00+00:00;0.989;0.733;113.849;38.798;27.372;23.749;25.304;27.268;29.732;6.827;0;6.827;222.067;0;6.83;2;30;6;2019;6;26
2019-06-30 08:06:00+00:00;1.4;0.9;134.27;38.83;27.724;23.75;25.326;27.392;29.532;262.052;168.968;93.127;206.333;0.25;53.006;8;30;6;2019;6;26
2019-06-30 14:06:00+00:00;5.356;3.044;170.055;38.83;35.675;23.75;25.432;28.051;34.072;848.5;637.74;210.743;221.7;13.5;819.736;14;30;6;2019;6;26
2019-06-30 20:06:00+00:00;3.5;2.222;128.912;38.83;30.393;23.75;25.814;28.125;32.625;76.71;12.053;64.653;231.167;8.832;314.379;20;30;6;2019;6;26
2019-07-01 02:07:00+00:00;2.756;1.544;154.484;38.501;23.024;22.928;25.424;27.379;29.006;6.741;0;6.741;200.867;0;6.72;2;1;7;2019;0;27
2019-07-01 08:07:00+00:00;2.633;1.744;126.816;38.49;23.135;22.9;23.322;26.579;29.232;283.43;211.766;71.658;337.733;0.5;48.62;8;1;7;2019;0;27
2019-07-01 14:07:00+00:00;4.133;2.544;226.883;38.49;34.558;22.9;23.881;26.8;29.46;821.538;666.358;155.176;484.133;13.668;838.63;14;1;7;2019;0;27
2019-07-01 20:07:00+00:00;5.811;3.478;142.098;38.49;29.06;22.9;24.427;27.093;29.852;50.762;18.14;32.604;339.233;7.75;252.15;20;1;7;2019;0;27
2019-07-02 02:07:00+00:00;1.067;0.6;105.175;36.359;21.387;19.489;24.859;26.881;29.123;6.678;0;6.678;197.033;0;6.711;2;2;7;2019;1;27
2019-07-02 08:07:00+00:00;3.122;2.011;132.839;36.26;21.338;19.33;23.076;26.279;29.214;274.591;180.461;94.122;319.267;0.5;53.723;8;2;7;2019;1;27
2019-07-02 14:07:00+00:00;4.989;2.989;244.331;36.26;29.579;19.33;24.288;26.55;29.29;814.449;654.809;159.416;437.133;14.5;825.845;14;2;7;2019;1;27
2019-07-02 20:07:00+00:00;3.911;2.356;167.29;36.26;27.955;19.33;24.593;26.829;29.224;85.341;8.202;77.15;292;6.164;224.679;20;2;7;2019;1;27
2019-07-03 02:07:00+00:00;2.811;1.6;139.768;31.645;21.316;18.528;24.57;26.602;29.004;6.658;0;6.658;197.267;0;6.723;2;3;7;2019;2;27
2019-07-03 08:07:00+00:00;2.767;1.689;137.72;31.54;21.457;18.51;23.839;26.071;29.069;283.315;186.028;97.28;325.033;0.418;55.558;8;3;7;2019;2;27
2019-07-03 14:07:00+00:00;4.433;2.689;256.075;31.54;31.428;18.51;23.91;26.779;29.336;824.627;679.602;145.164;458.767;13.918;835.413;14;3;7;2019;2;27
2019-07-03 20:07:00+00:00;2.344;1.411;123.943;31.54;28.653;18.51;24.197;26.969;29.959;74.346;28.736;45.601;288.933;6.5;240.554;20;3;7;2019;2;27
2019-07-04 02:07:00+00:00;1.233;0.844;147.945;32.625;22.836;19.048;24.524;26.77;29.631;6.715;0;6.715;183.533;0;6.792;2;4;7;2019;3;27
2019-07-04 08:07:00+00:00;2.7;1.689;141.631;32.65;23.254;19.06;23.268;26.32;29.352;266.272;175.407;90.895;315.833;0.5;49.363;8;4;7;2019;3;27
2019-07-04 14:07:00+00:00;4.978;2.933;231.306;32.65;31.63;19.06;23.683;26.524;29.634;827.733;675.842;151.858;369.667;14.082;832.966;14;4;7;2019;3;27
2019-07-04 20:07:00+00:00;2.533;1.5;219.618;32.65;29.992;19.06;23.989;26.843;29.627;122.059;76.869;45.187;296.4;8.832;336.539;20;4;7;2019;3;27
2019-07-05 02:07:00+00:00;1.233;0.889;125.349;33.139;22.71;20.996;24.456;26.673;29.181;6.697;0;6.697;186.933;0;6.733;2;5;7;2019;4;27
2019-07-05 08:07:00+00:00;2.489;1.544;150.17;33.15;23.467;21.04;23.419;26.289;29.315;279.977;208.124;71.83;305.367;0.082;46.242;8;5;7;2019;4;27
2019-07-05 14:07:00+00:00;2.767;1.767;259.957;33.15;34.738;21.04;23.316;26.658;29.831;831.751;690.92;140.891;380.167;13.75;842.011;14;5;7;2019;4;27
2019-07-05 20:07:00+00:00;1.056;0.756;124.459;33.15;31.537;21.04;23.56;26.882;29.97;96.508;45.634;50.846;297.067;8.418;301.962;20;5;7;2019;4;27
2019-07-06 02:07:00+00:00;1.6;1.044;149.675;36.748;24.531;20.668;24.968;26.725;29.196;6.807;0;6.807;188.467;0;6.797;2;6;7;2019;5;27
2019-07-06 08:07:00+00:00;1.611;1.011;156.774;36.83;24.989;20.66;25.14;26.912;29.443;275.234;194.105;81.13;183.133;0.25;46.426;8;6;7;2019;5;27
2019-07-06 14:07:00+00:00;5.067;3.156;241.809;36.83;32.06;20.66;25.395;27.628;32.014;777.042;535.744;241.273;183.2;14.082;807.416;14;6;7;2019;5;27
2019-07-06 20:07:00+00:00;2.033;1.356;146.029;36.83;29.943;20.66;25.593;27.606;31.288;79.45;15.368;64.086;198.933;3.164;97.976;20;6;7;2019;5;27
2019-07-07 02:07:00+00:00;2.156;1.433;125.11;35.186;23.315;21.596;25.307;27.096;29.256;6.772;0;6.772;199.2;0;6.8;2;7;7;2019;6;27
2019-07-07 08:07:00+00:00;2.089;1.178;179.119;35.11;22.527;21.64;25.196;27.035;29.234;195.72;72.847;122.83;182.5;0.332;52.848;8;7;7;2019;6;27
2019-07-07 14:07:00+00:00;4.922;2.9;256.116;35.11;31.893;21.64;25.428;27.805;31.754;752.11;557.753;194.5;190.333;14;831.607;14;7;7;2019;6;27
2019-07-07 20:07:00+00:00;3.673;2.236;130.956;35.11;30.363;21.64;25.529;27.793;30.504;148.039;59.771;88.214;203.3;3.832;203.542;20;7;7;2019;6;27